,incident_date
0,2011-01-13
1,2011-01-07
2,2011-01-12
3,2011-01-13
4,2011-01-13
5,2011-01-07
6,2011-01-07
7,2011-01-07
8,2011-01-08
9,2011-01-13
10,2011-01-13
11,2011-01-11
12,2011-01-12
13,2011-01-13
14,2011-01-13
15,2011-01-13
16,2011-01-13
17,2011-01-13
18,2011-01-14
19,2011-01-14
20,2011-01-10
21,2011-01-14
22,2011-01-14
23,2011-01-14
24,2011-01-14
25,2011-01-13
26,2011-01-14
27,2011-01-14
28,2011-01-14
29,2011-01-14
30,2011-01-14
31,2011-01-15
32,2011-01-15
33,2011-01-15
34,2011-01-14
35,2011-01-10
36,2011-01-14
37,2011-01-15
38,2011-01-15
39,2011-01-15
40,2011-01-15
41,2011-01-15
42,2011-01-15
43,2011-01-15
44,2011-01-15
45,2011-01-15
46,2011-01-15
47,2011-01-16
48,2011-01-16
49,2011-01-16
50,2011-01-16
51,2011-01-16
52,2011-01-16
53,2011-01-16
54,2011-01-15
55,2011-01-09
56,2011-01-15
57,2011-01-16
58,2011-01-16
59,2011-01-16
60,2011-01-17
61,2011-01-17
62,2011-01-17
63,2011-01-17
64,2011-01-14
65,2011-01-13
66,2011-01-17
67,2011-01-17
68,2011-01-15
69,2011-01-14
70,2011-01-17
71,2011-01-18
72,2011-01-17
73,2011-01-18
74,2011-01-18
75,2011-01-15
76,2011-01-18
77,2011-01-18
78,2011-01-18
79,2011-01-18
80,2011-01-18
81,2011-01-18
82,2011-01-18
83,2011-01-18
84,2011-01-18
85,2011-01-11
86,2011-01-19
87,2011-01-19
88,2011-01-19
89,2011-01-19
90,2011-01-19
91,2011-01-19
92,2011-01-19
93,2011-01-19
94,2011-01-19
95,2011-01-20
96,2011-01-20
97,2011-01-20
98,2011-01-20
99,2011-01-20
100,2011-01-20
101,2011-01-20
102,2011-01-21
103,2011-01-21
104,2011-01-20
105,2011-01-21
106,2011-01-21
107,2011-01-20
108,2011-01-21
109,2011-01-20
110,2011-01-21
111,2011-01-21
112,2011-01-21
113,2011-01-22
114,2011-01-22
115,2011-01-22
116,2011-01-22
117,2011-01-21
118,2011-01-22
119,2011-01-22
120,2011-01-22
121,2011-01-22
122,2011-01-22
123,2011-01-22
124,2011-01-22
125,2011-01-23
126,2011-01-22
127,2011-01-23
128,2011-01-23
129,2011-01-23
130,2011-01-23
131,2011-01-23
132,2011-01-23
133,2011-01-23
134,2011-01-23
135,2011-01-23
136,2011-01-24
137,2011-01-24
138,2011-01-24
139,2011-01-23
140,2011-01-24
141,2011-01-24
142,2011-01-24
143,2011-01-22
144,2011-01-24
145,2011-01-24
146,2011-01-24
147,2011-01-25
148,2011-01-18
149,2011-01-25
150,2011-01-19
151,2011-01-25
152,2011-01-25
153,2011-01-25
154,2011-01-25
155,2011-01-25
156,2011-01-26
157,2011-01-25
158,2011-01-01
159,2011-01-01
160,2011-01-01
161,2011-01-01
162,2011-01-01
163,2011-01-02
164,2011-01-02
165,2011-01-02
166,2011-01-02
167,2011-01-03
168,2011-01-03
169,2011-01-03
170,2011-01-03
171,2011-01-02
172,2011-01-03
173,2011-01-02
174,2011-01-03
175,2011-01-03
176,2011-01-03
177,2011-01-03
178,2011-01-03
179,2011-01-03
180,2011-01-03
181,2011-01-03
182,2011-01-03
183,2011-01-03
184,2011-01-03
185,2011-01-01
186,2011-01-01
187,2011-01-01
188,2011-01-01
189,2011-01-01
190,2011-01-01
191,2011-01-01
192,2011-01-01
193,2011-01-01
194,2011-01-01
195,2011-01-02
196,2011-01-02
197,2011-01-02
198,2011-01-02
199,2011-01-02
200,2011-01-02
201,2011-01-02
202,2011-01-03
203,2011-01-04
204,2011-01-04
205,2011-01-04
206,2011-01-03
207,2011-01-04
208,2011-01-01
209,2011-01-04
210,2011-01-04
211,2011-01-04
212,2011-01-04
213,2011-01-04
214,2011-01-04
215,2011-01-04
216,2011-01-05
217,2011-01-04
218,2011-01-05
219,2011-01-01
220,2011-01-05
221,2011-01-04
222,2011-01-05
223,2011-01-05
224,2011-01-05
225,2011-01-05
226,2011-01-05
227,2011-01-05
228,2011-01-05
229,2011-01-03
230,2011-01-05
231,2011-01-05
232,2011-01-06
233,2011-01-06
234,2011-01-06
235,2011-01-06
236,2011-01-06
237,2011-01-06
238,2011-01-06
239,2011-01-06
240,2011-01-06
241,2011-01-04
242,2011-01-06
243,2011-01-06
244,2011-01-06
245,2011-01-06
246,2011-01-07
247,2011-01-07
248,2011-01-06
249,2011-01-07
250,2011-01-07
251,2011-01-06
252,2011-01-07
253,2011-01-02
254,2011-01-05
255,2011-01-07
256,2011-01-07
257,2011-01-07
258,2011-01-07
259,2011-01-07
260,2011-01-07
261,2011-01-07
262,2011-01-07
263,2011-01-07
264,2011-01-07
265,2011-01-08
266,2011-01-08
267,2011-01-08
268,2011-01-08
269,2011-01-08
270,2011-01-09
271,2011-01-07
272,2011-01-07
273,2011-01-09
274,2011-01-08
275,2011-01-08
276,2011-01-09
277,2011-01-09
278,2011-01-09
279,2011-01-10
280,2011-01-10
281,2011-01-10
282,2011-01-09
283,2011-01-10
284,2011-01-10
285,2011-01-10
286,2011-01-10
287,2011-01-10
288,2011-01-10
289,2011-01-10
290,2011-01-11
291,2011-01-11
292,2011-01-03
293,2011-01-10
294,2011-01-11
295,2011-01-11
296,2011-01-11
297,2011-01-11
298,2011-01-10
299,2011-01-12
300,2011-01-03
301,2011-01-12
302,2011-01-12
303,2011-01-12
304,2011-01-11
305,2011-01-12
306,2011-01-13
307,2011-01-13
308,2011-01-13
309,2011-01-25
310,2011-01-25
311,2011-01-26
312,2011-01-14
313,2011-01-25
314,2011-01-26
315,2011-01-26
316,2011-01-26
317,2011-01-26
318,2011-01-26
319,2011-01-26
320,2011-01-27
321,2011-01-27
322,2011-01-27
323,2011-01-13
324,2011-01-25
325,2011-01-26
326,2011-01-27
327,2011-01-27
328,2011-01-27
329,2011-01-27
330,2011-01-22
331,2011-01-26
332,2011-01-27
333,2011-01-27
334,2011-01-27
335,2011-01-27
336,2011-01-28
337,2011-01-28
338,2011-01-28
339,2011-01-28
340,2011-01-28
341,2011-01-28
342,2011-01-28
343,2011-01-25
344,2011-01-28
345,2011-01-28
346,2011-01-28
347,2011-01-28
348,2011-01-28
349,2011-01-28
350,2011-01-28
351,2011-01-28
352,2011-01-27
353,2011-01-28
354,2011-01-28
355,2011-01-28
356,2011-01-29
357,2011-01-29
358,2011-01-29
359,2011-01-27
360,2011-01-29
361,2011-01-29
362,2011-01-28
363,2011-01-29
364,2011-01-29
365,2011-01-27
366,2011-01-29
367,2011-01-29
368,2011-01-29
369,2011-01-29
370,2011-01-29
371,2011-01-30
372,2011-01-30
373,2011-01-30
374,2011-01-30
375,2011-01-29
376,2011-01-30
377,2011-01-30
378,2011-01-30
379,2011-01-29
380,2011-01-30
381,2011-01-30
382,2011-01-30
383,2011-01-30
384,2011-01-30
385,2011-01-31
386,2011-01-30
387,2011-01-29
388,2011-01-31
389,2011-01-30
390,2011-01-30
391,2011-01-30
392,2011-01-31
393,2011-01-19
394,2011-01-31
395,2011-01-31
396,2011-02-03
397,2011-02-03
398,2011-02-03
399,2011-02-02
400,2011-02-03
401,2011-02-03
402,2011-02-03
403,2011-02-03
404,2011-02-03
405,2011-02-03
406,2011-02-04
407,2011-02-03
408,2011-02-02
409,2011-02-04
410,2011-02-04
411,2011-02-03
412,2011-02-04
413,2011-02-04
414,2011-02-04
415,2011-02-04
416,2011-02-04
417,2011-02-05
418,2011-02-05
419,2011-02-05
420,2011-02-05
421,2011-02-05
422,2011-02-05
423,2011-02-05
424,2011-02-05
425,2011-02-05
426,2011-02-05
427,2011-02-05
428,2011-02-05
429,2011-02-04
430,2011-02-05
431,2011-02-05
432,2011-02-05
433,2011-02-05
434,2011-02-05
435,2011-02-05
436,2011-02-05
437,2011-02-05
438,2011-02-05
439,2011-02-06
440,2011-02-06
441,2011-02-06
442,2011-02-06
443,2011-02-28
444,2011-02-28
445,2011-02-28
446,2011-02-26
447,2011-02-28
448,2011-02-18
449,2011-02-01
450,2011-02-14
451,2011-02-10
452,2011-02-18
453,2011-02-18
454,2011-02-07
455,2011-02-18
456,2011-02-18
457,2011-02-18
458,2011-02-19
459,2011-02-19
460,2011-02-19
461,2011-02-19
462,2011-02-16
463,2011-02-18
464,2011-02-19
465,2011-02-19
466,2011-02-19
467,2011-02-19
468,2011-02-19
469,2011-02-20
470,2011-02-20
471,2011-02-20
472,2011-02-20
473,2011-02-19
474,2011-02-15
475,2011-02-19
476,2011-02-20
477,2011-02-20
478,2011-02-20
479,2011-02-20
480,2011-02-21
481,2011-02-20
482,2011-02-21
483,2011-02-20
484,2011-02-21
485,2011-02-20
486,2011-02-21
487,2011-02-21
488,2011-02-21
489,2011-02-21
490,2011-02-16
491,2011-02-21
492,2011-02-04
493,2011-02-22
494,2011-02-22
495,2011-02-21
496,2011-02-20
497,2011-02-22
498,2011-02-20
499,2011-02-11
500,2011-02-21
501,2011-02-22
502,2011-02-22
503,2011-02-21
504,2011-02-22
505,2011-02-23
506,2011-02-23
507,2011-02-23
508,2011-02-03
509,2011-02-22
510,2011-02-23
511,2011-02-19
512,2011-02-23
513,2011-02-23
514,2011-02-21
515,2011-02-20
516,2011-02-24
517,2011-02-24
518,2011-02-24
519,2011-02-24
520,2011-02-02
521,2011-02-24
522,2011-02-24
523,2011-02-24
524,2011-02-24
525,2011-02-24
526,2011-02-24
527,2011-02-24
528,2011-02-24
529,2011-02-25
530,2011-02-25
531,2011-02-08
532,2011-02-25
533,2011-02-25
534,2011-02-25
535,2011-02-25
536,2011-02-25
537,2011-02-25
538,2011-02-25
539,2011-02-25
540,2011-02-25
541,2011-02-25
542,2011-02-25
543,2011-02-25
544,2011-02-26
545,2011-02-24
546,2011-02-26
547,2011-02-26
548,2011-02-26
549,2011-02-26
550,2011-02-26
551,2011-02-26
552,2011-02-26
553,2011-02-26
554,2011-02-27
555,2011-02-27
556,2011-02-26
557,2011-02-27
558,2011-02-27
559,2011-02-27
560,2011-02-26
561,2011-02-26
562,2011-02-26
563,2011-02-01
564,2011-02-27
565,2011-02-26
566,2011-02-26
567,2011-02-27
568,2011-02-27
569,2011-02-27
570,2011-02-27
571,2011-02-25
572,2011-02-25
573,2011-02-25
574,2011-02-25
575,2011-02-26
576,2011-02-26
577,2011-02-25
578,2011-02-26
579,2011-02-25
580,2011-02-26
581,2011-02-26
582,2011-02-26
583,2011-02-26
584,2011-02-26
585,2011-02-27
586,2011-02-27
587,2011-02-25
588,2011-02-27
589,2011-02-27
590,2011-02-25
591,2011-02-26
592,2011-02-09
593,2011-02-25
594,2011-02-28
595,2011-02-27
596,2011-02-21
597,2011-02-28
598,2011-02-28
599,2011-02-15
600,2011-02-27
601,2011-02-27
602,2011-02-27
603,2011-02-14
604,2011-02-26
605,2011-02-06
606,2011-02-06
607,2011-02-06
608,2011-02-05
609,2011-02-06
610,2011-02-06
611,2011-02-06
612,2011-02-06
613,2011-02-06
614,2011-02-06
615,2011-02-06
616,2011-02-07
617,2011-02-07
618,2011-02-06
619,2011-02-07
620,2011-02-07
621,2011-02-07
622,2011-02-07
623,2011-02-07
624,2011-02-01
625,2011-02-05
626,2011-02-07
627,2011-02-04
628,2011-02-07
629,2011-02-07
630,2011-02-08
631,2011-02-07
632,2011-02-08
633,2011-02-06
634,2011-02-08
635,2011-02-08
636,2011-02-08
637,2011-02-08
638,2011-02-07
639,2011-02-08
640,2011-02-08
641,2011-02-12
642,2011-02-12
643,2011-02-12
644,2011-02-12
645,2011-02-09
646,2011-02-05
647,2011-02-09
648,2011-02-09
649,2011-02-09
650,2011-02-04
651,2011-02-09
652,2011-02-09
653,2011-02-10
654,2011-02-10
655,2011-02-09
656,2011-02-10
657,2011-02-10
658,2011-02-05
659,2011-02-10
660,2011-02-11
661,2011-02-11
662,2011-02-09
663,2011-02-10
664,2011-02-11
665,2011-02-11
666,2011-02-11
667,2011-02-11
668,2011-02-11
669,2011-02-12
670,2011-02-12
671,2011-02-12
672,2011-02-12
673,2011-02-12
674,2011-02-11
675,2011-02-05
676,2011-02-12
677,2011-02-12
678,2011-02-12
679,2011-02-12
680,2011-02-13
681,2011-02-13
682,2011-02-13
683,2011-02-13
684,2011-02-13
685,2011-02-13
686,2011-02-13
687,2011-02-13
688,2011-02-13
689,2011-02-14
690,2011-02-14
691,2011-02-14
692,2011-02-14
693,2011-02-14
694,2011-02-14
695,2011-02-14
696,2011-02-14
697,2011-02-14
698,2011-02-14
699,2011-02-14
700,2011-02-07
701,2011-02-14
702,2011-02-14
703,2011-02-14
704,2011-02-10
705,2011-02-14
706,2011-02-15
707,2011-02-15
708,2011-02-14
709,2011-02-14
710,2011-02-06
711,2011-02-13
712,2011-02-13
713,2011-02-15
714,2011-02-15
715,2011-02-15
716,2011-02-12
717,2011-02-15
718,2011-02-11
719,2011-02-15
720,2011-02-15
721,2011-02-15
722,2011-02-15
723,2011-02-15
724,2011-02-16
725,2011-02-16
726,2011-02-16
727,2011-02-15
728,2011-02-16
729,2011-02-16
730,2011-02-16
731,2011-02-16
732,2011-02-16
733,2011-02-16
734,2011-02-16
735,2011-02-16
736,2011-02-16
737,2011-02-16
738,2011-02-16
739,2011-02-16
740,2011-02-16
741,2011-02-16
742,2011-02-17
743,2011-02-17
744,2011-02-17
745,2011-02-17
746,2011-02-05
747,2011-02-16
748,2011-02-17
749,2011-02-17
750,2011-02-17
751,2011-02-18
752,2011-02-18
753,2011-02-18
754,2011-02-18
755,2011-02-18
756,2011-02-18
757,2011-02-18
758,2011-02-17
759,2011-02-18
760,2011-02-18
761,2011-02-18
762,2011-02-01
763,2011-02-01
764,2011-02-01
765,2011-02-01
766,2011-02-01
767,2011-02-01
768,2011-02-01
769,2011-02-01
770,2011-02-01
771,2011-02-01
772,2011-02-01
773,2011-02-01
774,2011-02-01
775,2011-02-01
776,2011-02-01
777,2011-02-01
778,2011-02-02
779,2011-02-18
780,2011-02-02
781,2011-02-02
782,2011-02-01
783,2011-02-02
784,2011-02-02
785,2011-02-02
786,2011-03-01
787,2011-03-01
788,2011-03-01
789,2011-03-01
790,2011-03-01
791,2011-03-01
792,2011-03-01
793,2011-03-01
794,2011-03-01
795,2011-03-01
796,2011-03-01
797,2011-03-01
798,2011-03-02
799,2011-03-02
800,2011-03-02
801,2011-03-02
802,2011-03-01
803,2011-03-01
804,2011-03-01
805,2011-03-02
806,2011-03-02
807,2011-03-01
808,2011-03-02
809,2011-03-02
810,2011-03-02
811,2011-03-02
812,2011-03-02
813,2011-03-02
814,2011-03-02
815,2011-03-02
816,2011-03-02
817,2011-03-03
818,2011-03-03
819,2011-03-03
820,2011-03-03
821,2011-03-03
822,2011-03-04
823,2011-03-04
824,2011-03-04
825,2011-03-05
826,2011-03-05
827,2011-03-05
828,2011-03-05
829,2011-03-05
830,2011-03-06
831,2011-03-06
832,2011-03-05
833,2011-03-05
834,2011-03-06
835,2011-03-05
836,2011-03-06
837,2011-03-06
838,2011-03-06
839,2011-03-06
840,2011-03-06
841,2011-03-06
842,2011-03-06
843,2011-03-06
844,2011-03-06
845,2011-03-06
846,2011-03-04
847,2011-03-04
848,2011-03-04
849,2011-03-04
850,2011-03-04
851,2011-03-04
852,2011-03-04
853,2011-03-04
854,2011-03-04
855,2011-03-04
856,2011-03-04
857,2011-03-04
858,2011-03-04
859,2011-03-05
860,2011-03-05
861,2011-03-04
862,2011-03-05
863,2011-03-05
864,2011-03-04
865,2011-03-05
866,2011-03-05
867,2011-03-05
868,2011-03-05
869,2011-03-05
870,2011-03-05
871,2011-03-05
872,2011-03-04
873,2011-03-06
874,2011-03-07
875,2011-03-07
876,2011-03-07
877,2011-03-02
878,2011-03-04
879,2011-03-07
880,2011-03-04
881,2011-03-05
882,2011-03-07
883,2011-03-04
884,2011-03-07
885,2011-03-07
886,2011-03-07
887,2011-03-05
888,2011-03-07
889,2011-03-07
890,2011-03-07
891,2011-03-07
892,2011-03-08
893,2011-03-08
894,2011-03-08
895,2011-03-08
896,2011-03-08
897,2011-03-08
898,2011-03-07
899,2011-03-08
900,2011-03-08
901,2011-03-08
902,2011-03-08
903,2011-03-08
904,2011-03-08
905,2011-03-08
906,2011-03-08
907,2011-03-08
908,2011-03-08
909,2011-03-08
910,2011-03-08
911,2011-03-09
912,2011-03-09
913,2011-03-08
914,2011-03-09
915,2011-03-09
916,2011-03-09
917,2011-03-09
918,2011-03-08
919,2011-03-07
920,2011-03-09
921,2011-03-10
922,2011-03-10
923,2011-03-10
924,2011-03-09
925,2011-03-08
926,2011-03-10
927,2011-03-06
928,2011-03-10
929,2011-03-10
930,2011-03-10
931,2011-03-10
932,2011-03-10
933,2011-03-10
934,2011-03-11
935,2011-03-11
936,2011-03-11
937,2011-03-11
938,2011-03-11
939,2011-03-26
940,2011-03-26
941,2011-03-26
942,2011-03-26
943,2011-03-25
944,2011-03-25
945,2011-03-26
946,2011-03-26
947,2011-03-26
948,2011-03-26
949,2011-03-27
950,2011-03-27
951,2011-03-27
952,2011-03-27
953,2011-03-26
954,2011-03-27
955,2011-03-27
956,2011-03-27
957,2011-03-27
958,2011-03-27
959,2011-03-27
960,2011-03-28
961,2011-03-28
962,2011-03-28
963,2011-03-28
964,2011-03-28
965,2011-03-27
966,2011-03-28
967,2011-03-25
968,2011-03-28
969,2011-03-25
970,2011-03-28
971,2011-03-26
972,2011-03-28
973,2011-03-11
974,2011-03-27
975,2011-03-27
976,2011-03-28
977,2011-03-28
978,2011-03-29
979,2011-03-29
980,2011-03-29
981,2011-03-29
982,2011-03-28
983,2011-03-26
984,2011-03-23
985,2011-03-29
986,2011-03-29
987,2011-03-29
988,2011-03-20
989,2011-03-29
990,2011-03-29
991,2011-03-29
992,2011-03-29
993,2011-03-29
994,2011-03-30
995,2011-03-29
996,2011-03-28
997,2011-03-29
998,2011-03-30
999,2011-03-30
1000,2011-03-30
1001,2011-03-27
1002,2011-03-30
1003,2011-03-30
1004,2011-03-30
1005,2011-03-30
1006,2011-03-28
1007,2011-03-31
1008,2011-03-31
1009,2011-03-31
1010,2011-03-30
1011,2011-03-30
1012,2011-03-30
1013,2011-03-31
1014,2011-03-24
1015,2011-03-27
1016,2011-03-31
1017,2011-03-31
1018,2011-03-31
1019,2011-03-31
1020,2011-03-31
1021,2011-03-18
1022,2011-03-18
1023,2011-03-17
1024,2011-03-18
1025,2011-03-18
1026,2011-03-18
1027,2011-03-18
1028,2011-03-18
1029,2011-03-18
1030,2011-03-18
1031,2011-03-19
1032,2011-03-19
1033,2011-03-19
1034,2011-03-19
1035,2011-03-18
1036,2011-03-18
1037,2011-03-18
1038,2011-03-19
1039,2011-03-19
1040,2011-03-19
1041,2011-03-18
1042,2011-03-19
1043,2011-03-18
1044,2011-03-19
1045,2011-03-19
1046,2011-03-19
1047,2011-03-19
1048,2011-03-19
1049,2011-03-19
1050,2011-03-19
1051,2011-03-19
1052,2011-03-19
1053,2011-03-19
1054,2011-03-19
1055,2011-03-19
1056,2011-03-19
1057,2011-03-20
1058,2011-03-20
1059,2011-03-20
1060,2011-03-20
1061,2011-03-20
1062,2011-03-20
1063,2011-03-20
1064,2011-03-19
1065,2011-03-20
1066,2011-03-19
1067,2011-03-21
1068,2011-03-21
1069,2011-03-01
1070,2011-03-21
1071,2011-03-21
1072,2011-03-21
1073,2011-03-21
1074,2011-03-21
1075,2011-03-21
1076,2011-03-21
1077,2011-03-17
1078,2011-03-20
1079,2011-03-19
1080,2011-03-19
1081,2011-03-19
1082,2011-03-19
1083,2011-03-19
1084,2011-03-20
1085,2011-03-20
1086,2011-03-19
1087,2011-03-13
1088,2011-03-20
1089,2011-03-20
1090,2011-03-20
1091,2011-03-20
1092,2011-03-20
1093,2011-03-20
1094,2011-03-20
1095,2011-03-20
1096,2011-03-20
1097,2011-03-20
1098,2011-03-20
1099,2011-03-20
1100,2011-03-20
1101,2011-03-20
1102,2011-03-20
1103,2011-03-21
1104,2011-03-21
1105,2011-03-21
1106,2011-03-14
1107,2011-03-19
1108,2011-03-21
1109,2011-03-22
1110,2011-03-22
1111,2011-03-19
1112,2011-03-19
1113,2011-03-01
1114,2011-03-22
1115,2011-03-22
1116,2011-03-18
1117,2011-03-18
1118,2011-03-22
1119,2011-03-11
1120,2011-03-22
1121,2011-03-22
1122,2011-03-22
1123,2011-03-21
1124,2011-03-23
1125,2011-03-22
1126,2011-03-23
1127,2011-03-23
1128,2011-03-24
1129,2011-03-24
1130,2011-03-24
1131,2011-03-24
1132,2011-03-24
1133,2011-03-23
1134,2011-03-23
1135,2011-03-19
1136,2011-03-24
1137,2011-03-22
1138,2011-03-24
1139,2011-03-24
1140,2011-03-24
1141,2011-03-23
1142,2011-03-23
1143,2011-03-24
1144,2011-03-24
1145,2011-03-22
1146,2011-03-24
1147,2011-03-24
1148,2011-03-24
1149,2011-03-25
1150,2011-03-24
1151,2011-03-24
1152,2011-03-25
1153,2011-03-24
1154,2011-03-25
1155,2011-03-20
1156,2011-03-25
1157,2011-03-17
1158,2011-03-25
1159,2011-03-25
1160,2011-03-25
1161,2011-03-25
1162,2011-03-25
1163,2011-03-25
1164,2011-03-25
1165,2011-03-25
1166,2011-03-25
1167,2011-03-25
1168,2011-03-25
1169,2011-03-26
1170,2011-03-26
1171,2011-03-26
1172,2011-03-26
1173,2011-03-26
1174,2011-03-26
1175,2011-03-26
1176,2011-03-26
1177,2011-03-25
1178,2011-03-06
1179,2011-03-11
1180,2011-03-11
1181,2011-03-11
1182,2011-03-11
1183,2011-03-11
1184,2011-03-11
1185,2011-03-06
1186,2011-03-11
1187,2011-03-11
1188,2011-03-11
1189,2011-03-11
1190,2011-03-06
1191,2011-03-12
1192,2011-03-12
1193,2011-03-12
1194,2011-03-12
1195,2011-03-12
1196,2011-03-12
1197,2011-03-12
1198,2011-03-13
1199,2011-03-13
1200,2011-03-13
1201,2011-03-13
1202,2011-03-13
1203,2011-03-13
1204,2011-03-13
1205,2011-03-13
1206,2011-03-13
1207,2011-03-13
1208,2011-03-12
1209,2011-03-13
1210,2011-03-13
1211,2011-03-13
1212,2011-03-13
1213,2011-03-13
1214,2011-03-14
1215,2011-03-14
1216,2011-03-14
1217,2011-03-13
1218,2011-03-13
1219,2011-03-12
1220,2011-03-08
1221,2011-03-11
1222,2011-03-14
1223,2011-03-14
1224,2011-03-14
1225,2011-03-14
1226,2011-03-14
1227,2011-03-14
1228,2011-03-15
1229,2011-03-14
1230,2011-03-15
1231,2011-03-15
1232,2011-03-16
1233,2011-03-16
1234,2011-03-16
1235,2011-03-16
1236,2011-03-17
1237,2011-03-17
1238,2011-03-17
1239,2011-03-17
1240,2011-03-17
1241,2011-03-17
1242,2011-03-17
1243,2011-03-17
1244,2011-03-17
1245,2011-03-17
1246,2011-03-17
1247,2011-03-17
1248,2011-03-17
1249,2011-03-17
1250,2011-03-17
1251,2011-03-17
1252,2011-03-17
1253,2011-03-17
1254,2011-03-17
1255,2011-03-18
1256,2011-03-18
1257,2011-03-18
1258,2011-03-18
1259,2011-03-17
1260,2011-03-18
1261,2011-03-17
1262,2011-03-18
1263,2011-03-18
1264,2011-03-18
1265,2011-03-18
1266,2011-03-17
1267,2011-03-17
1268,2011-03-16
1269,2011-03-17
1270,2011-03-18
1271,2011-03-18
1272,2011-03-18
1273,2011-03-18
1274,2011-03-18
1275,2011-03-18
1276,2011-03-12
1277,2011-03-12
1278,2011-03-12
1279,2011-03-12
1280,2011-03-12
1281,2011-03-12
1282,2011-03-12
1283,2011-03-12
1284,2011-03-12
1285,2011-03-12
1286,2011-03-12
1287,2011-03-11
1288,2011-03-12
1289,2011-03-12
1290,2011-03-12
1291,2011-03-14
1292,2011-03-15
1293,2011-03-15
1294,2011-03-15
1295,2011-03-15
1296,2011-03-15
1297,2011-03-15
1298,2011-03-15
1299,2011-03-15
1300,2011-03-15
1301,2011-03-15
1302,2011-03-15
1303,2011-03-15
1304,2011-03-15
1305,2011-03-15
1306,2011-03-15
1307,2011-03-15
1308,2011-03-15
1309,2011-03-15
1310,2011-03-15
1311,2011-03-16
1312,2011-03-16
1313,2011-03-16
1314,2011-03-16
1315,2011-03-16
1316,2011-03-16
1317,2011-03-16
1318,2011-03-16
1319,2011-03-16
1320,2011-03-05
1321,2011-03-16
1322,2011-03-12
1323,2011-03-16
1324,2011-03-14
1325,2011-03-16
1326,2011-03-16
1327,2011-03-15
1328,2011-03-16
1329,2011-03-08
1330,2011-03-16
1331,2011-03-16
1332,2011-03-16
1333,2011-03-16
1334,2011-03-14
1335,2011-03-16
1336,2011-04-11
1337,2011-04-10
1338,2011-04-09
1339,2011-04-11
1340,2011-04-11
1341,2011-04-11
1342,2011-04-09
1343,2011-04-11
1344,2011-04-11
1345,2011-04-11
1346,2011-04-11
1347,2011-04-11
1348,2011-04-12
1349,2011-04-12
1350,2011-04-12
1351,2011-04-12
1352,2011-04-12
1353,2011-04-12
1354,2011-04-11
1355,2011-04-12
1356,2011-04-12
1357,2011-04-11
1358,2011-04-12
1359,2011-04-12
1360,2011-04-13
1361,2011-04-13
1362,2011-04-12
1363,2011-04-13
1364,2011-04-13
1365,2011-04-13
1366,2011-04-12
1367,2011-04-13
1368,2011-04-13
1369,2011-04-13
1370,2011-04-13
1371,2011-04-09
1372,2011-04-13
1373,2011-04-05
1374,2011-04-13
1375,2011-04-13
1376,2011-04-13
1377,2011-04-13
1378,2011-04-13
1379,2011-04-13
1380,2011-04-11
1381,2011-04-13
1382,2011-04-13
1383,2011-04-13
1384,2011-04-13
1385,2011-04-13
1386,2011-04-13
1387,2011-04-14
1388,2011-04-14
1389,2011-04-13
1390,2011-04-13
1391,2011-04-12
1392,2011-04-13
1393,2011-04-14
1394,2011-04-14
1395,2011-04-14
1396,2011-04-14
1397,2011-04-14
1398,2011-04-14
1399,2011-04-14
1400,2011-04-14
1401,2011-04-14
1402,2011-04-15
1403,2011-04-15
1404,2011-04-14
1405,2011-04-14
1406,2011-04-15
1407,2011-04-15
1408,2011-04-11
1409,2011-04-05
1410,2011-04-14
1411,2011-04-12
1412,2011-04-15
1413,2011-04-15
1414,2011-04-01
1415,2011-04-01
1416,2011-04-01
1417,2011-04-01
1418,2011-04-01
1419,2011-04-01
1420,2011-04-01
1421,2011-04-01
1422,2011-04-01
1423,2011-04-01
1424,2011-04-01
1425,2011-04-01
1426,2011-04-01
1427,2011-04-01
1428,2011-04-01
1429,2011-04-01
1430,2011-04-01
1431,2011-04-01
1432,2011-04-01
1433,2011-04-01
1434,2011-04-02
1435,2011-04-02
1436,2011-04-02
1437,2011-04-02
1438,2011-04-02
1439,2011-04-02
1440,2011-04-02
1441,2011-04-03
1442,2011-04-02
1443,2011-04-03
1444,2011-04-02
1445,2011-04-02
1446,2011-04-03
1447,2011-04-03
1448,2011-04-03
1449,2011-04-03
1450,2011-04-03
1451,2011-04-02
1452,2011-04-03
1453,2011-04-04
1454,2011-04-03
1455,2011-04-04
1456,2011-04-04
1457,2011-04-04
1458,2011-04-04
1459,2011-04-03
1460,2011-04-04
1461,2011-04-04
1462,2011-04-04
1463,2011-04-04
1464,2011-04-04
1465,2011-04-04
1466,2011-04-04
1467,2011-04-04
1468,2011-04-04
1469,2011-04-05
1470,2011-04-05
1471,2011-04-02
1472,2011-04-02
1473,2011-04-02
1474,2011-04-02
1475,2011-04-03
1476,2011-04-03
1477,2011-04-03
1478,2011-04-03
1479,2011-04-02
1480,2011-04-03
1481,2011-04-05
1482,2011-04-04
1483,2011-04-05
1484,2011-04-04
1485,2011-04-01
1486,2011-04-05
1487,2011-04-05
1488,2011-04-05
1489,2011-04-05
1490,2011-04-15
1491,2011-04-15
1492,2011-04-18
1493,2011-04-18
1494,2011-04-18
1495,2011-04-18
1496,2011-04-18
1497,2011-04-19
1498,2011-04-19
1499,2011-04-19
1500,2011-04-19
1501,2011-04-19
1502,2011-04-13
1503,2011-04-18
1504,2011-04-19
1505,2011-04-18
1506,2011-04-18
1507,2011-04-16
1508,2011-04-19
1509,2011-04-19
1510,2011-04-19
1511,2011-04-19
1512,2011-04-19
1513,2011-04-19
1514,2011-04-11
1515,2011-04-19
1516,2011-04-20
1517,2011-04-19
1518,2011-04-19
1519,2011-04-20
1520,2011-04-20
1521,2011-04-20
1522,2011-04-18
1523,2011-04-20
1524,2011-04-20
1525,2011-04-20
1526,2011-04-20
1527,2011-04-05
1528,2011-04-05
1529,2011-04-05
1530,2011-04-05
1531,2011-04-04
1532,2011-04-05
1533,2011-04-05
1534,2011-04-05
1535,2011-04-05
1536,2011-04-05
1537,2011-04-05
1538,2011-04-06
1539,2011-04-06
1540,2011-04-05
1541,2011-04-05
1542,2011-04-06
1543,2011-04-06
1544,2011-04-06
1545,2011-04-06
1546,2011-04-06
1547,2011-04-06
1548,2011-04-06
1549,2011-04-06
1550,2011-04-06
1551,2011-04-06
1552,2011-04-07
1553,2011-04-07
1554,2011-04-07
1555,2011-04-06
1556,2011-04-16
1557,2011-04-16
1558,2011-04-16
1559,2011-04-14
1560,2011-04-16
1561,2011-04-16
1562,2011-04-16
1563,2011-04-16
1564,2011-04-16
1565,2011-04-16
1566,2011-04-16
1567,2011-04-16
1568,2011-04-16
1569,2011-04-16
1570,2011-04-16
1571,2011-04-16
1572,2011-04-16
1573,2011-04-16
1574,2011-04-17
1575,2011-04-17
1576,2011-04-01
1577,2011-04-01
1578,2011-04-16
1579,2011-04-16
1580,2011-04-16
1581,2011-04-17
1582,2011-04-17
1583,2011-04-17
1584,2011-04-17
1585,2011-04-17
1586,2011-04-17
1587,2011-04-17
1588,2011-04-18
1589,2011-04-18
1590,2011-04-17
1591,2011-04-18
1592,2011-04-17
1593,2011-04-18
1594,2011-04-07
1595,2011-04-20
1596,2011-04-21
1597,2011-04-21
1598,2011-04-21
1599,2011-04-20
1600,2011-04-21
1601,2011-04-20
1602,2011-04-21
1603,2011-04-07
1604,2011-04-21
1605,2011-04-21
1606,2011-04-21
1607,2011-04-21
1608,2011-04-21
1609,2011-04-21
1610,2011-04-21
1611,2011-04-21
1612,2011-04-21
1613,2011-04-22
1614,2011-04-22
1615,2011-04-22
1616,2011-04-22
1617,2011-04-21
1618,2011-04-22
1619,2011-04-21
1620,2011-04-21
1621,2011-04-22
1622,2011-04-22
1623,2011-04-22
1624,2011-04-22
1625,2011-04-22
1626,2011-04-22
1627,2011-04-22
1628,2011-04-22
1629,2011-04-21
1630,2011-04-22
1631,2011-04-22
1632,2011-04-22
1633,2011-04-22
1634,2011-04-22
1635,2011-04-23
1636,2011-04-23
1637,2011-04-22
1638,2011-04-23
1639,2011-04-23
1640,2011-04-23
1641,2011-04-10
1642,2011-04-23
1643,2011-04-23
1644,2011-04-21
1645,2011-04-23
1646,2011-04-23
1647,2011-04-23
1648,2011-04-23
1649,2011-04-23
1650,2011-04-23
1651,2011-04-23
1652,2011-04-24
1653,2011-04-24
1654,2011-04-24
1655,2011-04-24
1656,2011-04-24
1657,2011-04-24
1658,2011-04-24
1659,2011-04-24
1660,2011-04-23
1661,2011-04-23
1662,2011-04-24
1663,2011-04-24
1664,2011-04-24
1665,2011-04-24
1666,2011-04-24
1667,2011-04-24
1668,2011-04-24
1669,2011-04-24
1670,2011-04-25
1671,2011-04-24
1672,2011-04-22
1673,2011-04-23
1674,2011-04-24
1675,2011-04-24
1676,2011-04-07
1677,2011-04-07
1678,2011-04-07
1679,2011-04-06
1680,2011-04-07
1681,2011-04-07
1682,2011-04-07
1683,2011-04-08
1684,2011-04-08
1685,2011-04-07
1686,2011-04-08
1687,2011-04-06
1688,2011-04-08
1689,2011-04-07
1690,2011-04-04
1691,2011-04-08
1692,2011-04-08
1693,2011-04-08
1694,2011-04-08
1695,2011-04-08
1696,2011-04-08
1697,2011-04-09
1698,2011-04-09
1699,2011-04-08
1700,2011-04-09
1701,2011-04-09
1702,2011-04-09
1703,2011-04-09
1704,2011-04-09
1705,2011-04-09
1706,2011-04-09
1707,2011-04-09
1708,2011-04-09
1709,2011-04-09
1710,2011-04-10
1711,2011-04-10
1712,2011-04-10
1713,2011-04-09
1714,2011-04-09
1715,2011-04-10
1716,2011-04-09
1717,2011-04-10
1718,2011-04-09
1719,2011-04-10
1720,2011-04-10
1721,2011-04-09
1722,2011-04-10
1723,2011-04-10
1724,2011-04-10
1725,2011-04-11
1726,2011-04-11
1727,2011-04-25
1728,2011-04-25
1729,2011-04-25
1730,2011-04-08
1731,2011-04-08
1732,2011-04-25
1733,2011-04-26
1734,2011-04-26
1735,2011-04-26
1736,2011-04-21
1737,2011-04-24
1738,2011-04-26
1739,2011-04-26
1740,2011-04-23
1741,2011-04-24
1742,2011-04-24
1743,2011-04-26
1744,2011-04-21
1745,2011-04-26
1746,2011-04-25
1747,2011-04-26
1748,2011-04-21
1749,2011-04-26
1750,2011-04-26
1751,2011-04-26
1752,2011-04-27
1753,2011-04-26
1754,2011-04-26
1755,2011-04-26
1756,2011-04-24
1757,2011-04-27
1758,2011-04-27
1759,2011-04-27
1760,2011-04-26
1761,2011-04-27
1762,2011-04-27
1763,2011-04-27
1764,2011-04-27
1765,2011-04-27
1766,2011-04-28
1767,2011-04-28
1768,2011-04-27
1769,2011-04-28
1770,2011-04-28
1771,2011-04-28
1772,2011-04-28
1773,2011-04-27
1774,2011-04-27
1775,2011-04-28
1776,2011-04-28
1777,2011-04-28
1778,2011-04-01
1779,2011-04-28
1780,2011-04-28
1781,2011-04-28
1782,2011-04-29
1783,2011-04-29
1784,2011-04-28
1785,2011-04-29
1786,2011-04-29
1787,2011-04-22
1788,2011-04-28
1789,2011-04-28
1790,2011-04-29
1791,2011-04-28
1792,2011-04-29
1793,2011-04-29
1794,2011-04-29
1795,2011-04-28
1796,2011-04-29
1797,2011-04-29
1798,2011-04-29
1799,2011-04-29
1800,2011-04-30
1801,2011-04-30
1802,2011-04-30
1803,2011-04-30
1804,2011-04-30
1805,2011-04-30
1806,2011-04-30
1807,2011-04-30
1808,2011-04-30
1809,2011-04-30
1810,2011-04-29
1811,2011-04-27
1812,2011-04-30
1813,2011-04-30
1814,2011-05-22
1815,2011-05-22
1816,2011-05-21
1817,2011-05-21
1818,2011-05-22
1819,2011-05-22
1820,2011-05-22
1821,2011-05-20
1822,2011-05-22
1823,2011-05-22
1824,2011-05-19
1825,2011-05-22
1826,2011-05-22
1827,2011-05-23
1828,2011-05-23
1829,2011-05-22
1830,2011-05-21
1831,2011-05-22
1832,2011-05-23
1833,2011-05-21
1834,2011-05-23
1835,2011-05-23
1836,2011-05-19
1837,2011-05-21
1838,2011-05-23
1839,2011-05-23
1840,2011-05-16
1841,2011-05-23
1842,2011-05-23
1843,2011-05-24
1844,2011-05-24
1845,2011-05-24
1846,2011-05-21
1847,2011-05-12
1848,2011-05-23
1849,2011-05-24
1850,2011-05-24
1851,2011-05-23
1852,2011-05-24
1853,2011-05-24
1854,2011-05-24
1855,2011-05-22
1856,2011-05-24
1857,2011-05-24
1858,2011-05-23
1859,2011-05-24
1860,2011-05-24
1861,2011-05-24
1862,2011-05-25
1863,2011-05-24
1864,2011-05-24
1865,2011-05-25
1866,2011-05-24
1867,2011-05-24
1868,2011-05-24
1869,2011-05-20
1870,2011-05-25
1871,2011-05-25
1872,2011-05-15
1873,2011-05-25
1874,2011-05-25
1875,2011-05-23
1876,2011-05-25
1877,2011-05-24
1878,2011-05-23
1879,2011-05-25
1880,2011-05-25
1881,2011-05-25
1882,2011-05-25
1883,2011-05-25
1884,2011-05-25
1885,2011-05-25
1886,2011-05-25
1887,2011-05-18
1888,2011-05-25
1889,2011-05-25
1890,2011-05-26
1891,2011-05-26
1892,2011-05-26
1893,2011-05-24
1894,2011-05-26
1895,2011-05-18
1896,2011-05-26
1897,2011-05-25
1898,2011-05-26
1899,2011-05-26
1900,2011-05-26
1901,2011-05-26
1902,2011-05-26
1903,2011-05-26
1904,2011-05-27
1905,2011-05-27
1906,2011-05-27
1907,2011-05-27
1908,2011-05-27
1909,2011-05-27
1910,2011-05-06
1911,2011-05-21
1912,2011-05-27
1913,2011-05-27
1914,2011-05-13
1915,2011-05-27
1916,2011-05-27
1917,2011-05-26
1918,2011-05-28
1919,2011-05-28
1920,2011-05-27
1921,2011-05-28
1922,2011-05-28
1923,2011-05-28
1924,2011-05-28
1925,2011-05-28
1926,2011-05-28
1927,2011-05-28
1928,2011-05-27
1929,2011-05-26
1930,2011-05-28
1931,2011-05-28
1932,2011-05-28
1933,2011-05-28
1934,2011-05-28
1935,2011-05-28
1936,2011-05-28
1937,2011-05-28
1938,2011-05-28
1939,2011-05-29
1940,2011-05-29
1941,2011-05-28
1942,2011-05-29
1943,2011-05-28
1944,2011-05-29
1945,2011-05-29
1946,2011-05-29
1947,2011-05-29
1948,2011-05-29
1949,2011-05-28
1950,2011-05-29
1951,2011-05-29
1952,2011-05-29
1953,2011-05-29
1954,2011-05-29
1955,2011-05-29
1956,2011-05-29
1957,2011-05-29
1958,2011-05-29
1959,2011-05-29
1960,2011-05-29
1961,2011-05-30
1962,2011-05-30
1963,2011-05-29
1964,2011-05-30
1965,2011-05-30
1966,2011-05-30
1967,2011-05-30
1968,2011-05-30
1969,2011-05-30
1970,2011-05-30
1971,2011-05-14
1972,2011-05-14
1973,2011-05-14
1974,2011-05-13
1975,2011-05-14
1976,2011-05-14
1977,2011-05-14
1978,2011-05-14
1979,2011-05-15
1980,2011-05-15
1981,2011-05-15
1982,2011-05-15
1983,2011-05-14
1984,2011-05-14
1985,2011-05-15
1986,2011-05-15
1987,2011-05-14
1988,2011-05-15
1989,2011-05-08
1990,2011-05-15
1991,2011-05-15
1992,2011-05-15
1993,2011-05-15
1994,2011-05-15
1995,2011-05-16
1996,2011-05-16
1997,2011-05-16
1998,2011-05-16
1999,2011-05-06
2000,2011-05-14
2001,2011-05-14
2002,2011-05-15
2003,2011-05-13
2004,2011-05-13
2005,2011-05-13
2006,2011-05-13
2007,2011-05-13
2008,2011-05-14
2009,2011-05-15
2010,2011-05-18
2011,2011-05-18
2012,2011-05-17
2013,2011-05-14
2014,2011-05-12
2015,2011-05-14
2016,2011-05-14
2017,2011-05-16
2018,2011-05-13
2019,2011-05-14
2020,2011-05-16
2021,2011-05-16
2022,2011-05-16
2023,2011-05-16
2024,2011-05-14
2025,2011-05-13
2026,2011-05-15
2027,2011-05-14
2028,2011-05-16
2029,2011-05-16
2030,2011-05-16
2031,2011-05-14
2032,2011-05-16
2033,2011-05-16
2034,2011-05-16
2035,2011-05-17
2036,2011-05-17
2037,2011-05-13
2038,2011-05-15
2039,2011-05-13
2040,2011-05-16
2041,2011-05-16
2042,2011-05-17
2043,2011-05-17
2044,2011-05-13
2045,2011-05-17
2046,2011-05-17
2047,2011-05-17
2048,2011-05-17
2049,2011-05-17
2050,2011-05-16
2051,2011-05-17
2052,2011-05-17
2053,2011-05-17
2054,2011-05-18
2055,2011-05-18
2056,2011-05-18
2057,2011-05-17
2058,2011-05-18
2059,2011-05-18
2060,2011-05-18
2061,2011-05-18
2062,2011-05-18
2063,2011-05-18
2064,2011-05-18
2065,2011-05-18
2066,2011-05-16
2067,2011-05-12
2068,2011-05-18
2069,2011-05-18
2070,2011-05-19
2071,2011-05-15
2072,2011-05-19
2073,2011-05-11
2074,2011-05-13
2075,2011-05-18
2076,2011-05-18
2077,2011-05-19
2078,2011-05-19
2079,2011-05-15
2080,2011-05-19
2081,2011-05-19
2082,2011-05-19
2083,2011-05-20
2084,2011-05-20
2085,2011-05-20
2086,2011-05-20
2087,2011-05-20
2088,2011-05-17
2089,2011-05-20
2090,2011-05-13
2091,2011-05-20
2092,2011-05-18
2093,2011-05-13
2094,2011-05-03
2095,2011-05-20
2096,2011-05-20
2097,2011-05-19
2098,2011-05-20
2099,2011-05-16
2100,2011-05-20
2101,2011-05-20
2102,2011-05-20
2103,2011-05-20
2104,2011-05-20
2105,2011-05-21
2106,2011-05-21
2107,2011-05-21
2108,2011-05-21
2109,2011-05-15
2110,2011-05-21
2111,2011-05-21
2112,2011-05-19
2113,2011-05-21
2114,2011-05-21
2115,2011-05-21
2116,2011-05-21
2117,2011-05-16
2118,2011-05-21
2119,2011-05-21
2120,2011-05-19
2121,2011-05-21
2122,2011-05-17
2123,2011-05-21
2124,2011-05-22
2125,2011-05-22
2126,2011-05-22
2127,2011-05-21
2128,2011-05-22
2129,2011-05-12
2130,2011-05-11
2131,2011-05-12
2132,2011-05-12
2133,2011-05-12
2134,2011-05-13
2135,2011-05-13
2136,2011-05-13
2137,2011-05-13
2138,2011-05-12
2139,2011-05-05
2140,2011-05-12
2141,2011-05-13
2142,2011-05-05
2143,2011-05-05
2144,2011-05-05
2145,2011-05-05
2146,2011-05-05
2147,2011-05-05
2148,2011-05-05
2149,2011-05-01
2150,2011-05-05
2151,2011-05-05
2152,2011-05-05
2153,2011-05-06
2154,2011-05-06
2155,2011-05-05
2156,2011-05-06
2157,2011-05-06
2158,2011-05-04
2159,2011-05-05
2160,2011-05-06
2161,2011-05-06
2162,2011-05-06
2163,2011-05-06
2164,2011-05-06
2165,2011-05-06
2166,2011-05-06
2167,2011-05-06
2168,2011-05-06
2169,2011-05-06
2170,2011-05-06
2171,2011-05-05
2172,2011-05-06
2173,2011-05-06
2174,2011-05-07
2175,2011-05-04
2176,2011-05-07
2177,2011-05-07
2178,2011-05-07
2179,2011-05-07
2180,2011-05-07
2181,2011-05-07
2182,2011-05-08
2183,2011-05-08
2184,2011-05-08
2185,2011-05-08
2186,2011-05-08
2187,2011-05-06
2188,2011-05-08
2189,2011-05-07
2190,2011-05-08
2191,2011-05-08
2192,2011-05-09
2193,2011-05-09
2194,2011-05-08
2195,2011-05-09
2196,2011-05-09
2197,2011-05-08
2198,2011-05-03
2199,2011-05-09
2200,2011-05-06
2201,2011-05-08
2202,2011-05-09
2203,2011-05-09
2204,2011-05-04
2205,2011-05-09
2206,2011-05-08
2207,2011-05-09
2208,2011-05-09
2209,2011-05-09
2210,2011-05-09
2211,2011-05-09
2212,2011-05-09
2213,2011-05-09
2214,2011-05-10
2215,2011-05-10
2216,2011-05-10
2217,2011-05-10
2218,2011-05-10
2219,2011-05-09
2220,2011-05-10
2221,2011-05-07
2222,2011-05-08
2223,2011-05-10
2224,2011-05-10
2225,2011-05-10
2226,2011-05-07
2227,2011-05-09
2228,2011-05-07
2229,2011-05-06
2230,2011-05-10
2231,2011-05-10
2232,2011-05-06
2233,2011-05-10
2234,2011-05-10
2235,2011-05-10
2236,2011-05-10
2237,2011-05-10
2238,2011-05-11
2239,2011-05-11
2240,2011-05-11
2241,2011-05-11
2242,2011-05-10
2243,2011-05-11
2244,2011-05-09
2245,2011-05-13
2246,2011-05-13
2247,2011-05-12
2248,2011-05-13
2249,2011-05-13
2250,2011-05-13
2251,2011-05-11
2252,2011-05-13
2253,2011-05-13
2254,2011-05-14
2255,2011-05-14
2256,2011-05-14
2257,2011-05-14
2258,2011-05-14
2259,2011-05-14
2260,2011-05-14
2261,2011-05-06
2262,2011-05-14
2263,2011-05-05
2264,2011-05-08
2265,2011-05-08
2266,2011-05-08
2267,2011-05-10
2268,2011-05-06
2269,2011-05-08
2270,2011-05-07
2271,2011-05-11
2272,2011-05-11
2273,2011-05-10
2274,2011-05-10
2275,2011-05-11
2276,2011-05-11
2277,2011-05-11
2278,2011-05-12
2279,2011-05-12
2280,2011-05-12
2281,2011-05-09
2282,2011-05-07
2283,2011-05-12
2284,2011-05-12
2285,2011-05-11
2286,2011-05-12
2287,2011-05-30
2288,2011-05-30
2289,2011-05-30
2290,2011-05-30
2291,2011-05-30
2292,2011-05-30
2293,2011-05-30
2294,2011-05-30
2295,2011-05-30
2296,2011-05-29
2297,2011-05-31
2298,2011-05-31
2299,2011-05-31
2300,2011-05-31
2301,2011-05-30
2302,2011-05-28
2303,2011-05-30
2304,2011-05-21
2305,2011-05-29
2306,2011-05-31
2307,2011-05-31
2308,2011-05-13
2309,2011-05-31
2310,2011-05-31
2311,2011-05-31
2312,2011-05-31
2313,2011-05-31
2314,2011-05-31
2315,2011-05-31
2316,2011-05-30
2317,2011-05-31
2318,2011-05-31
2319,2011-05-31
2320,2011-05-31
2321,2011-05-31
2322,2011-05-01
2323,2011-05-01
2324,2011-05-01
2325,2011-05-01
2326,2011-05-01
2327,2011-05-01
2328,2011-05-01
2329,2011-05-01
2330,2011-05-01
2331,2011-05-01
2332,2011-05-01
2333,2011-05-01
2334,2011-05-01
2335,2011-05-01
2336,2011-05-01
2337,2011-05-01
2338,2011-05-01
2339,2011-05-02
2340,2011-05-01
2341,2011-05-02
2342,2011-05-02
2343,2011-05-02
2344,2011-05-02
2345,2011-05-02
2346,2011-05-01
2347,2011-05-02
2348,2011-05-02
2349,2011-05-02
2350,2011-05-02
2351,2011-05-02
2352,2011-05-03
2353,2011-05-03
2354,2011-05-03
2355,2011-05-02
2356,2011-05-03
2357,2011-05-03
2358,2011-05-03
2359,2011-05-03
2360,2011-05-03
2361,2011-05-03
2362,2011-05-03
2363,2011-05-03
2364,2011-05-03
2365,2011-05-03
2366,2011-05-03
2367,2011-05-03
2368,2011-05-04
2369,2011-05-04
2370,2011-05-04
2371,2011-05-03
2372,2011-05-04
2373,2011-05-03
2374,2011-05-04
2375,2011-05-04
2376,2011-05-02
2377,2011-05-04
2378,2011-05-04
2379,2011-05-04
2380,2011-05-04
2381,2011-05-04
2382,2011-05-04
2383,2011-05-04
2384,2011-05-04
2385,2011-05-04
2386,2011-05-04
2387,2011-05-04
2388,2011-05-05
2389,2011-05-05
2390,2011-05-05
2391,2011-05-04
2392,2011-05-02
2393,2011-06-26
2394,2011-06-26
2395,2011-06-26
2396,2011-06-26
2397,2011-06-25
2398,2011-06-25
2399,2011-06-25
2400,2011-06-23
2401,2011-06-26
2402,2011-06-25
2403,2011-06-26
2404,2011-06-26
2405,2011-06-26
2406,2011-06-27
2407,2011-06-27
2408,2011-06-27
2409,2011-06-26
2410,2011-06-25
2411,2011-06-27
2412,2011-06-26
2413,2011-06-26
2414,2011-06-26
2415,2011-06-26
2416,2011-06-11
2417,2011-06-27
2418,2011-06-26
2419,2011-06-26
2420,2011-06-27
2421,2011-06-27
2422,2011-06-27
2423,2011-06-13
2424,2011-06-27
2425,2011-06-27
2426,2011-06-22
2427,2011-06-27
2428,2011-06-27
2429,2011-06-28
2430,2011-06-28
2431,2011-06-28
2432,2011-06-28
2433,2011-06-27
2434,2011-06-28
2435,2011-06-28
2436,2011-06-27
2437,2011-06-28
2438,2011-06-28
2439,2011-06-28
2440,2011-06-27
2441,2011-06-28
2442,2011-06-28
2443,2011-06-27
2444,2011-06-28
2445,2011-06-28
2446,2011-06-28
2447,2011-06-28
2448,2011-06-28
2449,2011-06-28
2450,2011-06-29
2451,2011-06-29
2452,2011-06-29
2453,2011-06-29
2454,2011-06-29
2455,2011-06-29
2456,2011-06-23
2457,2011-06-22
2458,2011-06-29
2459,2011-06-20
2460,2011-06-29
2461,2011-06-29
2462,2011-06-30
2463,2011-06-30
2464,2011-06-30
2465,2011-06-30
2466,2011-06-06
2467,2011-06-30
2468,2011-06-29
2469,2011-06-30
2470,2011-06-30
2471,2011-06-30
2472,2011-06-28
2473,2011-06-28
2474,2011-06-30
2475,2011-06-30
2476,2011-06-30
2477,2011-06-29
2478,2011-06-30
2479,2011-06-16
2480,2011-06-17
2481,2011-06-16
2482,2011-06-17
2483,2011-06-17
2484,2011-06-01
2485,2011-06-17
2486,2011-06-16
2487,2011-06-17
2488,2011-06-17
2489,2011-06-15
2490,2011-06-16
2491,2011-06-17
2492,2011-06-17
2493,2011-06-17
2494,2011-06-12
2495,2011-06-16
2496,2011-06-17
2497,2011-06-17
2498,2011-06-17
2499,2011-06-17
2500,2011-06-17
2501,2011-06-17
2502,2011-06-17
2503,2011-06-18
2504,2011-06-18
2505,2011-06-18
2506,2011-06-18
2507,2011-06-18
2508,2011-06-16
2509,2011-06-17
2510,2011-06-18
2511,2011-06-18
2512,2011-06-18
2513,2011-06-15
2514,2011-06-18
2515,2011-06-18
2516,2011-06-18
2517,2011-06-18
2518,2011-06-18
2519,2011-06-18
2520,2011-06-18
2521,2011-06-18
2522,2011-06-19
2523,2011-06-18
2524,2011-06-19
2525,2011-06-18
2526,2011-06-18
2527,2011-06-19
2528,2011-06-13
2529,2011-06-18
2530,2011-06-19
2531,2011-06-19
2532,2011-06-19
2533,2011-06-19
2534,2011-06-19
2535,2011-06-19
2536,2011-06-19
2537,2011-06-19
2538,2011-06-19
2539,2011-06-20
2540,2011-06-19
2541,2011-06-19
2542,2011-06-20
2543,2011-06-19
2544,2011-06-20
2545,2011-06-19
2546,2011-06-20
2547,2011-06-20
2548,2011-06-17
2549,2011-06-20
2550,2011-06-20
2551,2011-06-20
2552,2011-06-20
2553,2011-06-20
2554,2011-06-20
2555,2011-06-20
2556,2011-06-20
2557,2011-06-18
2558,2011-06-20
2559,2011-06-20
2560,2011-06-20
2561,2011-06-21
2562,2011-06-21
2563,2011-06-21
2564,2011-06-20
2565,2011-06-21
2566,2011-06-18
2567,2011-06-21
2568,2011-06-15
2569,2011-06-21
2570,2011-06-21
2571,2011-06-21
2572,2011-06-21
2573,2011-06-21
2574,2011-06-22
2575,2011-06-22
2576,2011-06-22
2577,2011-06-22
2578,2011-06-21
2579,2011-06-21
2580,2011-06-22
2581,2011-06-14
2582,2011-06-22
2583,2011-06-18
2584,2011-06-22
2585,2011-06-22
2586,2011-06-22
2587,2011-06-23
2588,2011-06-22
2589,2011-06-23
2590,2011-06-22
2591,2011-06-23
2592,2011-06-23
2593,2011-06-23
2594,2011-06-23
2595,2011-06-23
2596,2011-06-23
2597,2011-06-23
2598,2011-06-23
2599,2011-06-14
2600,2011-06-23
2601,2011-06-23
2602,2011-06-23
2603,2011-06-22
2604,2011-06-23
2605,2011-06-23
2606,2011-06-24
2607,2011-06-23
2608,2011-06-24
2609,2011-06-24
2610,2011-06-24
2611,2011-06-21
2612,2011-06-24
2613,2011-06-24
2614,2011-06-24
2615,2011-06-24
2616,2011-06-24
2617,2011-06-19
2618,2011-06-24
2619,2011-06-24
2620,2011-06-25
2621,2011-06-24
2622,2011-06-25
2623,2011-06-25
2624,2011-06-25
2625,2011-06-25
2626,2011-06-20
2627,2011-06-25
2628,2011-06-25
2629,2011-06-25
2630,2011-06-25
2631,2011-06-25
2632,2011-06-23
2633,2011-06-25
2634,2011-06-26
2635,2011-06-26
2636,2011-06-04
2637,2011-06-08
2638,2011-06-02
2639,2011-06-08
2640,2011-06-02
2641,2011-06-08
2642,2011-06-08
2643,2011-06-08
2644,2011-06-08
2645,2011-06-08
2646,2011-06-08
2647,2011-06-09
2648,2011-06-09
2649,2011-06-09
2650,2011-06-09
2651,2011-06-09
2652,2011-06-09
2653,2011-06-09
2654,2011-06-09
2655,2011-06-09
2656,2011-06-08
2657,2011-06-09
2658,2011-06-08
2659,2011-06-08
2660,2011-06-09
2661,2011-06-07
2662,2011-06-07
2663,2011-06-08
2664,2011-06-05
2665,2011-06-09
2666,2011-06-09
2667,2011-06-09
2668,2011-06-09
2669,2011-06-09
2670,2011-06-10
2671,2011-06-10
2672,2011-06-09
2673,2011-06-10
2674,2011-06-09
2675,2011-06-10
2676,2011-06-09
2677,2011-06-10
2678,2011-06-08
2679,2011-06-09
2680,2011-06-10
2681,2011-06-08
2682,2011-06-10
2683,2011-06-10
2684,2011-06-10
2685,2011-06-10
2686,2011-06-09
2687,2011-06-11
2688,2011-06-08
2689,2011-06-10
2690,2011-06-10
2691,2011-06-11
2692,2011-06-11
2693,2011-06-11
2694,2011-06-11
2695,2011-06-11
2696,2011-06-11
2697,2011-06-11
2698,2011-06-11
2699,2011-06-11
2700,2011-06-11
2701,2011-06-11
2702,2011-06-11
2703,2011-06-10
2704,2011-06-12
2705,2011-06-12
2706,2011-06-12
2707,2011-06-12
2708,2011-06-12
2709,2011-06-11
2710,2011-06-12
2711,2011-06-12
2712,2011-06-12
2713,2011-06-12
2714,2011-06-12
2715,2011-06-12
2716,2011-06-12
2717,2011-06-12
2718,2011-06-13
2719,2011-06-13
2720,2011-06-13
2721,2011-06-12
2722,2011-06-13
2723,2011-06-13
2724,2011-06-13
2725,2011-06-13
2726,2011-06-10
2727,2011-06-13
2728,2011-06-13
2729,2011-06-13
2730,2011-06-13
2731,2011-06-13
2732,2011-06-13
2733,2011-06-13
2734,2011-06-13
2735,2011-06-14
2736,2011-06-14
2737,2011-06-14
2738,2011-06-14
2739,2011-06-14
2740,2011-06-10
2741,2011-06-13
2742,2011-06-14
2743,2011-06-11
2744,2011-06-14
2745,2011-06-14
2746,2011-06-14
2747,2011-06-14
2748,2011-06-14
2749,2011-06-15
2750,2011-06-15
2751,2011-06-12
2752,2011-06-15
2753,2011-06-15
2754,2011-06-15
2755,2011-06-15
2756,2011-06-15
2757,2011-06-15
2758,2011-06-15
2759,2011-06-15
2760,2011-06-13
2761,2011-06-15
2762,2011-06-15
2763,2011-06-13
2764,2011-06-15
2765,2011-06-15
2766,2011-06-15
2767,2011-06-01
2768,2011-06-01
2769,2011-06-01
2770,2011-06-01
2771,2011-06-01
2772,2011-06-01
2773,2011-06-01
2774,2011-06-01
2775,2011-06-01
2776,2011-06-01
2777,2011-06-01
2778,2011-06-01
2779,2011-06-01
2780,2011-06-01
2781,2011-06-15
2782,2011-06-15
2783,2011-06-15
2784,2011-06-16
2785,2011-06-16
2786,2011-06-16
2787,2011-06-15
2788,2011-06-10
2789,2011-06-16
2790,2011-06-13
2791,2011-06-07
2792,2011-06-15
2793,2011-06-16
2794,2011-06-16
2795,2011-06-10
2796,2011-06-16
2797,2011-06-15
2798,2011-06-16
2799,2011-06-16
2800,2011-06-16
2801,2011-06-16
2802,2011-06-13
2803,2011-06-16
2804,2011-06-15
2805,2011-06-16
2806,2011-06-16
2807,2011-06-16
2808,2011-06-01
2809,2011-06-01
2810,2011-06-01
2811,2011-06-02
2812,2011-06-02
2813,2011-06-02
2814,2011-06-01
2815,2011-06-02
2816,2011-06-02
2817,2011-06-02
2818,2011-06-02
2819,2011-06-02
2820,2011-06-02
2821,2011-06-01
2822,2011-06-02
2823,2011-06-02
2824,2011-06-02
2825,2011-06-02
2826,2011-06-02
2827,2011-06-03
2828,2011-06-03
2829,2011-06-03
2830,2011-06-03
2831,2011-06-03
2832,2011-06-03
2833,2011-06-02
2834,2011-06-03
2835,2011-06-03
2836,2011-06-03
2837,2011-06-03
2838,2011-06-03
2839,2011-06-03
2840,2011-06-03
2841,2011-06-02
2842,2011-06-03
2843,2011-06-03
2844,2011-06-03
2845,2011-06-03
2846,2011-06-04
2847,2011-06-04
2848,2011-06-04
2849,2011-06-04
2850,2011-06-04
2851,2011-06-04
2852,2011-06-03
2853,2011-06-04
2854,2011-06-01
2855,2011-06-04
2856,2011-06-04
2857,2011-06-04
2858,2011-06-04
2859,2011-06-04
2860,2011-06-05
2861,2011-06-05
2862,2011-06-05
2863,2011-06-05
2864,2011-06-05
2865,2011-06-02
2866,2011-06-05
2867,2011-06-05
2868,2011-06-04
2869,2011-06-05
2870,2011-06-05
2871,2011-06-05
2872,2011-06-06
2873,2011-06-06
2874,2011-06-05
2875,2011-06-06
2876,2011-06-06
2877,2011-06-05
2878,2011-06-04
2879,2011-06-06
2880,2011-06-06
2881,2011-06-03
2882,2011-06-06
2883,2011-06-05
2884,2011-06-06
2885,2011-06-04
2886,2011-06-06
2887,2011-06-03
2888,2011-06-06
2889,2011-06-03
2890,2011-06-06
2891,2011-06-06
2892,2011-06-06
2893,2011-06-06
2894,2011-06-06
2895,2011-06-06
2896,2011-06-06
2897,2011-06-06
2898,2011-06-07
2899,2011-06-06
2900,2011-06-06
2901,2011-06-01
2902,2011-06-06
2903,2011-06-07
2904,2011-06-07
2905,2011-06-07
2906,2011-06-07
2907,2011-06-07
2908,2011-06-07
2909,2011-06-07
2910,2011-06-07
2911,2011-06-08
2912,2011-06-08
2913,2011-06-08
2914,2011-06-07
2915,2011-06-07
2916,2011-06-08
